<?xml version="1.0" encoding="UTF-8" ?>
<XMLDB PATH="mod/kalvidpres/db" VERSION="20120103" COMMENT="XMLDB file for Moodle mod/kalvidpres"
    xmlns:xsi="http://www.w3.org/2001/XMLSchema-instance"
    xsi:noNamespaceSchemaLocation="../../../lib/xmldb/xmldb.xsd"
>
  <TABLES>
    <TABLE NAME="kalvidpres" COMMENT="Kaltura video presentation module instances are stored here">
      <FIELDS>
        <FIELD NAME="id" TYPE="int" LENGTH="10" NOTNULL="true" UNSIGNED="true" SEQUENCE="true" NEXT="course"/>
        <FIELD NAME="course" TYPE="int" LENGTH="10" NOTNULL="true" UNSIGNED="true" DEFAULT="0" SEQUENCE="false" PREVIOUS="id" NEXT="name"/>
        <FIELD NAME="name" TYPE="char" LENGTH="255" NOTNULL="true" SEQUENCE="false" PREVIOUS="course" NEXT="intro"/>
        <FIELD NAME="intro" TYPE="text" LENGTH="small" NOTNULL="false" SEQUENCE="false" PREVIOUS="name" NEXT="introformat"/>
        <FIELD NAME="introformat" TYPE="int" LENGTH="4" NOTNULL="true" UNSIGNED="true" DEFAULT="0" SEQUENCE="false" PREVIOUS="intro" NEXT="entry_id"/>
        <FIELD NAME="entry_id" TYPE="char" LENGTH="50" NOTNULL="true" SEQUENCE="false" COMMENT="Kaltura video entry ids" PREVIOUS="introformat" NEXT="video_entry_id"/>
        <FIELD NAME="video_entry_id" TYPE="char" LENGTH="50" NOTNULL="true" SEQUENCE="false" COMMENT="Entry id of the uploaded video" PREVIOUS="entry_id" NEXT="doc_entry_id"/>
        <FIELD NAME="doc_entry_id" TYPE="char" LENGTH="50" NOTNULL="true" SEQUENCE="false" COMMENT="Entry id of the uploaded document" PREVIOUS="video_entry_id" NEXT="video_title"/>
        <FIELD NAME="video_title" TYPE="char" LENGTH="100" NOTNULL="true" SEQUENCE="false" COMMENT="Video title" PREVIOUS="doc_entry_id" NEXT="uiconf_id"/>
        <FIELD NAME="uiconf_id" TYPE="int" LENGTH="10" NOTNULL="true" UNSIGNED="true" DEFAULT="0" SEQUENCE="false" COMMENT="The player to be used for playback" PREVIOUS="video_title" NEXT="widescreen"/>
        <FIELD NAME="widescreen" TYPE="int" LENGTH="1" NOTNULL="true" UNSIGNED="true" DEFAULT="0" SEQUENCE="false" COMMENT="Video playback dimensions widescreen or normal" PREVIOUS="uiconf_id" NEXT="height"/>
        <FIELD NAME="height" TYPE="int" LENGTH="10" NOTNULL="true" UNSIGNED="true" DEFAULT="0" SEQUENCE="false" COMMENT="Video height" PREVIOUS="widescreen" NEXT="width"/>
        <FIELD NAME="width" TYPE="int" LENGTH="10" NOTNULL="true" UNSIGNED="true" DEFAULT="0" SEQUENCE="false" COMMENT="Video playback width" PREVIOUS="height" NEXT="timemodified"/>
        <FIELD NAME="timemodified" TYPE="int" LENGTH="10" NOTNULL="true" UNSIGNED="true" DEFAULT="0" SEQUENCE="false" COMMENT="Time modified" PREVIOUS="width" NEXT="timecreated"/>
        <FIELD NAME="timecreated" TYPE="int" LENGTH="10" NOTNULL="true" UNSIGNED="true" DEFAULT="0" SEQUENCE="false" COMMENT="Time created" PREVIOUS="timemodified"/>
      </FIELDS>
      <KEYS>
        <KEY NAME="primary" TYPE="primary" FIELDS="id"/>
      </KEYS>
      <INDEXES>
        <INDEX NAME="pres_entry_id_idx" UNIQUE="false" FIELDS="entry_id" COMMENT="Index for video presentation id" NEXT="doc_entry_id_idx"/>
        <INDEX NAME="doc_entry_id_idx" UNIQUE="false" FIELDS="doc_entry_id" COMMENT="Index for video id" PREVIOUS="pres_entry_id_idx"/>
      </INDEXES>
    </TABLE>
  </TABLES>
</XMLDB>