<?xml version="1.0" encoding="UTF-8" ?>
<XMLDB PATH="blocks/community/db" VERSION="20120122" COMMENT="XMLDB file for Moodle blocks/community"
    xmlns:xsi="http://www.w3.org/2001/XMLSchema-instance"
    xsi:noNamespaceSchemaLocation="../../../lib/xmldb/xmldb.xsd"
>
  <TABLES>
    <TABLE NAME="block_community" COMMENT="Community block">
      <FIELDS>
        <FIELD NAME="id" TYPE="int" LENGTH="10" NOTNULL="true" SEQUENCE="true" NEXT="userid"/>
        <FIELD NAME="userid" TYPE="int" LENGTH="10" NOTNULL="true" SEQUENCE="false" PREVIOUS="id" NEXT="coursename"/>
        <FIELD NAME="coursename" TYPE="char" LENGTH="255" NOTNULL="true" SEQUENCE="false" PREVIOUS="userid" NEXT="coursedescription"/>
        <FIELD NAME="coursedescription" TYPE="text" LENGTH="big" NOTNULL="false" SEQUENCE="false" PREVIOUS="coursename" NEXT="courseurl"/>
        <FIELD NAME="courseurl" TYPE="char" LENGTH="255" NOTNULL="true" SEQUENCE="false" PREVIOUS="coursedescription" NEXT="imageurl"/>
        <FIELD NAME="imageurl" TYPE="char" LENGTH="255" NOTNULL="true" SEQUENCE="false" PREVIOUS="courseurl"/>
      </FIELDS>
      <KEYS>
        <KEY NAME="primary" TYPE="primary" FIELDS="id"/>
      </KEYS>
    </TABLE>
  </TABLES>
</XMLDB>